{
  "title": "Token",
  "type": "object",
  "x-tags": [
    "token"
  ],
  "description": "A token is an optional data, only needed when ODRP is used by the merchant.\n\nA token represents a captured means of payment (card or any other means of payments). A token is used within the ODRP MiPS system (On Demand Recurring Payments).\n\nA token is obtained by tokenizing a means of payment through a payment iFrame, a payment link or a QRCode payment.\n\nThe merchant can ask MiPS to take money on a token at any time.\n\nA token can only be used by the merchant who created it.\n\nA token is linked to the order id provided by the merchant on token creation.\n\nA token is valid only for a lifetime determined by MiPS\n\nThe amount and frequencies are limited upfront.",
  "properties": {
    "id_token": {
      "type": "string",
      "minLength": 128,
      "maxLength": 128,
      "pattern": "[A-Za-z0-9]",
      "description": "A unique ID to be saved by the merchant. It represents the means of payment for this order."
    },
    "token_for_id_order": {
      "type": "string",
      "description": "The merchant initial id order used to create the token"
    },
    "token_exp_date": {
      "type": "string",
      "description": "Expiration date of the token"
    }
  },
  "required": [
    "id_token",
    "token_for_id_order",
    "token_exp_date"
  ]
}